Rank,Feature,Mean_Absolute_SHAP
1,Sequence_Lag_1,2.2387524825711544
2,Sequence_Lag_2,0.6380100011777781
3,High_Inflation_Years,0.3932542447466443
4,Mean_Previous_10Y,0.2570696078102058
5,Sequence_Lag_5,0.2275888902861547
6,Negative_Inflation_Years,0.1511969870838868
7,Diff_1963,0.095872295620999
8,Sequence_Lag_3,0.0811753048374011
9,Diff_2019,0.0731731563959057
10,Sequence_Lag_4,0.0682029943124788
11,Diff_1998,0.0625994481202338
12,Diff_2018,0.048779946840092
13,Mean_Recent_10Y,0.0471592768605757
14,Diff_2014,0.0451026398950537
15,Min_Inflation,0.0434160170127807
16,Diff_1999,0.0430492199648751
17,Diff_2021,0.0420542497466551
18,Sequence_Lag_7,0.0340421830229351
19,Diff_2012,0.0308757795550528
20,Diff_1961,0.0287836778009061
