Feature,Mean_Absolute_SHAP,Rank
Sequence_Lag_1,2.2387524825711544,1
Sequence_Lag_2,0.6380100011777781,2
High_Inflation_Years,0.39325424474664433,3
Mean_Previous_10Y,0.2570696078102058,4
Sequence_Lag_5,0.22758889028615478,5
Negative_Inflation_Years,0.15119698708388687,6
Diff_1963,0.09587229562099907,7
Sequence_Lag_3,0.08117530483740117,8
Diff_2019,0.07317315639590574,9
Sequence_Lag_4,0.06820299431247887,10
Diff_1998,0.06259944812023388,11
Diff_2018,0.048779946840092084,12
Mean_Recent_10Y,0.04715927686057577,13
Diff_2014,0.04510263989505372,14
Min_Inflation,0.043416017012780736,15
Diff_1999,0.04304921996487511,16
Diff_2021,0.042054249746655156,17
Sequence_Lag_7,0.034042183022935144,18
Diff_2012,0.030875779555052874,19
Diff_1961,0.028783677800906137,20
Diff_1976,0.028586610491508735,21
Long_Term_Trend,0.026313567684788562,22
Std_Inflation,0.025711990710529226,23
Diff_2009,0.025703184199700874,24
Diff_2011,0.02534866462816344,25
Diff_1965,0.025265558664220422,26
Diff_2022,0.02478656367674966,27
Diff_1971,0.02364379112924008,28
Mean_Recent_5Y,0.023621980086272056,29
Diff_1992,0.02183174319635324,30
Diff_1981,0.021290835181913804,31
Diff_2003,0.021056420980158537,32
Diff_2005,0.01805500997163343,33
Inflation_Range,0.017712525061921454,34
Diff_2002,0.017480398392861068,35
Diff_2020,0.017178591475154294,36
Diff_1962,0.016979901644881577,37
Diff_1989,0.01532662842515079,38
Diff_1968,0.01497696253119237,39
Diff_1995,0.014724103338065415,40
Diff_1990,0.014405029653879447,41
Diff_1974,0.014358134471049357,42
Diff_2013,0.013829873552028919,43
Diff_1984,0.012301428309726428,44
Diff_2017,0.012299571789488522,45
Diff_1988,0.01229649515500309,46
Diff_2004,0.011818552534180765,47
Sequence_Lag_8,0.011328981282328591,48
Diff_1987,0.01130603963836685,49
Diff_1985,0.010076218321527317,50
Diff_1983,0.009663522660319262,51
Diff_2015,0.008774667484481169,52
Diff_1993,0.008725035567143987,53
Inflation_Volatility,0.008111399893250493,54
Sequence_Lag_10,0.007832972687744539,55
Diff_1996,0.0076696713587059385,56
Very_High_Inflation_Years,0.007410570481614408,57
Diff_2006,0.007231475066910317,58
Diff_1969,0.006932736569067929,59
Max_Inflation,0.006639617494424108,60
Diff_1967,0.006551121718197885,61
Diff_1970,0.006355788250328886,62
Diff_2008,0.006233380474645093,63
Diff_1994,0.005727303983806899,64
Diff_2010,0.004658045020079983,65
Diff_1997,0.004184842082691337,66
Diff_1986,0.003717357942603223,67
Diff_1964,0.002192170364821644,68
Diff_1975,0.002015429056396352,69
Diff_1966,0.0014465452099287482,70
Diff_2000,0.0009624437127581764,71
Sequence_Lag_6,0.00022861431920012724,72
Median_Inflation,0.0,73
Mean_Inflation,0.0,74
Sequence_Lag_9,0.0,75
Long_Term_Change,0.0,76
Diff_1982,0.0,77
Diff_1972,0.0,78
Diff_1973,0.0,79
Diff_1978,0.0,80
Diff_1979,0.0,81
Diff_1980,0.0,82
Diff_1977,0.0,83
Diff_2001,0.0,84
Diff_1991,0.0,85
Diff_2007,0.0,86
Diff_2016,0.0,87
