Country Name,Country Code,Target_Year,Sequence_Lag_10,Sequence_Lag_9,Sequence_Lag_8,Sequence_Lag_7,Sequence_Lag_6,Sequence_Lag_5,Sequence_Lag_4,Sequence_Lag_3,Sequence_Lag_2,Sequence_Lag_1,Mean_Inflation,Median_Inflation,Std_Inflation,Min_Inflation,Max_Inflation,Inflation_Range,Mean_Recent_5Y,Mean_Recent_10Y,Mean_Previous_10Y,Long_Term_Change,Long_Term_Trend,Inflation_Volatility,High_Inflation_Years,Very_High_Inflation_Years,Negative_Inflation_Years,Diff_1961,Diff_1962,Diff_1963,Diff_1964,Diff_1965,Diff_1966,Diff_1967,Diff_1968,Diff_1969,Diff_1970,Diff_1971,Diff_1972,Diff_1973,Diff_1974,Diff_1975,Diff_1976,Diff_1977,Diff_1978,Diff_1979,Diff_1980,Diff_1981,Diff_1982,Diff_1983,Diff_1984,Diff_1985,Diff_1986,Diff_1987,Diff_1988,Diff_1989,Diff_1990,Diff_1991,Diff_1992,Diff_1993,Diff_1994,Diff_1995,Diff_1996,Diff_1997,Diff_1998,Diff_1999,Diff_2000,Diff_2001,Diff_2002,Diff_2003,Diff_2004,Diff_2005,Diff_2006,Diff_2007,Diff_2008,Diff_2009,Diff_2010,Diff_2011,Diff_2012,Diff_2013,Diff_2014,Diff_2015,Diff_2016,Diff_2017,Diff_2018,Diff_2019,Diff_2020,Diff_2021,Diff_2022
Netherlands,NLD,2024,0.0,0.0,0.0,0.0,0.0,-0.3491974253831454,0.0,0.0,0.0,-2.700015060958128,0.0,0.0,0.0,0.0,0.0,-0.1386035003067023,0.0,0.0,-0.3000370499015825,0.0,-0.2557883330673239,0.0,-0.5870795648845093,0.0,0.0,0.0,0.0,0.0,0.0,0.0,0.0,0.0,0.0,0.0,0.0,0.0,0.0,0.0,0.0,0.0,0.0,0.0,0.0,0.0,0.0,0.0,0.0,0.0,0.0,0.0,0.0,0.0,0.0,0.0,0.0,0.0,0.0,0.0,0.0,0.0,0.0,0.0,0.0,0.0,0.0,0.0,0.0,0.0,0.0,0.0,0.0,0.0,0.0,-0.15828898838314573,0.0,0.0,0.0,0.0,0.0,-0.17549334968962338,0.0,0.0,-0.276438709845737,0.0,0.0,0.015850525052955228,0.0
Paraguay,PRY,2023,0.0,0.0,0.0,0.0,0.0,0.0,0.0,0.0,-0.6291700333962856,-0.8586331432638845,0.0,0.0,0.0,0.0,0.0,0.0,0.0,0.0,0.0,0.0,0.0,0.0,0.501702760587522,0.14821140963228815,0.0,0.40638431781976925,0.0,0.0,0.0,0.0,0.0,0.0,0.0,0.0,0.0,0.47287582258480165,0.0,0.0,0.0,0.0,0.0,0.0,0.0,0.0,0.0,0.0,0.0,0.0,0.0,0.0,0.0,0.0,0.0,0.0,0.0,0.0,0.0,0.0,0.0,0.2907778143424393,0.0,0.08369684165382674,0.09677848524212315,0.0,0.0,0.0,0.0,0.0,0.0,0.0,0.0,0.0,0.0,0.0,0.0,0.0,0.0,0.0,0.0,0.0,0.0,0.0,0.0,0.2740073566485969,0.0,0.0,0.0
Belgium,BEL,2025,0.0,0.0,0.0,0.0,0.0,-0.40931179188787503,0.0,0.0,-0.4711622147863349,-2.8815908953519855,0.0,0.0,0.0,-0.18593578640830058,0.0,0.0,0.0,0.0,0.0,0.0,0.0,0.0,-0.4089706621924781,0.0,0.0,0.0,-0.10916436148164213,0.0,-0.04384340729643288,-0.2255818334465798,0.0,0.0,0.0,0.0,0.0,0.0,0.0,0.0,0.0,0.0,0.0,0.0,0.0,0.0,0.0,0.0,0.0,0.0,0.0,0.0,0.0,0.0,0.0,0.0,0.0,0.0,0.0,0.0,0.0,0.0,0.0,0.0,0.0,0.0,0.0,0.0,0.0,0.0,0.0,0.0,0.0,0.0,0.0,-0.08149844361751801,0.0,0.0,0.0,0.0,0.0,0.0,0.0,0.0,-0.19249804142758145,0.0,0.0,0.0,0.0
Thailand,THA,2023,0.0,0.0,0.0,0.0,-0.004572286384002545,-0.19662409148881968,0.0,-0.47355038193563065,-1.1909851644451954,-2.0170139244966245,0.0,0.0,0.0,0.0,-0.13279234988848215,0.0,0.0,0.0,0.0,0.0,0.0,0.0,-0.4749177092832046,0.0,0.0,0.0,0.0,0.0,0.0,0.0,0.0,0.0,0.0,0.0,0.0,0.0,0.0,0.0,0.0,0.0,0.0,0.0,0.0,0.0,0.0,0.0,0.0,0.0,0.0,0.0,0.0,0.0,0.0,-0.18053598589796138,0.0,0.0,0.0,0.0,0.0,0.0,0.0,0.0,0.0,0.0,0.0,0.0,0.0,0.0,0.0,0.0,0.0,0.0,0.0,0.0,0.0,0.0,-0.13124822442167963,0.0,0.0,0.0,0.0,-0.24599143578977045,0.0,0.0,0.0,0.0,0.0
Kenya,KEN,2023,0.0,0.0,0.0,0.5722259659326152,0.0,0.0,0.0,0.0,-0.5250247808840387,-1.6983549091877752,0.0,0.0,0.0,0.0,0.0,0.0,0.0,0.0,1.1685595963184712,0.0,0.0,0.0,0.0,0.0,0.3296678506919769,0.0,0.0,0.0,0.0,0.0,0.0,0.0,0.0,0.0,0.0,0.0,0.0,0.0,0.0,0.04030858112792704,0.0,0.0,0.0,0.0,0.0,0.0,0.0,0.0,0.0,0.0,0.0,0.0,0.2459299031000618,0.0,0.0,0.0,0.0,0.0,0.0,0.0,0.0,0.0,0.0,0.1546389140821892,0.0,0.0,0.0,0.0,-0.004571013105183848,0.0,0.0,0.0,0.0,0.0,0.0,0.0,0.0,0.27659747104057836,0.0,0.0,0.0,0.0,0.0,0.0,0.0,0.0,0.0
Rwanda,RWA,2025,0.0,0.0,-0.09228533347142379,0.0,0.0,-0.6000524609151601,0.0,0.9252835307135213,1.089960985863915,-3.142055354268821,0.0,0.0,0.0,0.0,0.0,0.0,0.0,0.13999553026636974,0.0,0.0,0.0,0.0,0.0,0.0,0.0,0.0,0.0,0.0,0.0,0.0,0.0,0.0,0.0,0.0,0.0,0.0,0.0,0.0,0.0,0.0,0.0,0.0,0.0,0.0,0.0,0.0,0.0,0.0,0.0,0.0,0.0,0.0,0.0,0.0,0.0,0.0,0.0,0.0,0.0,0.0,0.0,0.0,0.0,0.0,0.0,0.0,0.0,0.0,-0.23180003757843146,0.36110019943266863,0.0,0.0,0.0,0.0,0.0,0.33848753682956256,0.0,0.0,0.0,0.0,0.0,0.0,0.0,0.35383390326512904,0.0,0.0,0.0
Nauru,NRU,2024,0.0,0.0,0.0,0.0,0.0,-0.4191102652926054,0.0,0.0,-1.3659242093954247,-3.3958465882947286,0.0,0.0,0.0,-0.1921213819128278,0.0,0.0,0.0,0.0,-0.8192073741148755,0.0,0.0,-0.16222799786500985,0.0,0.0,-0.8943346788516253,0.0,0.0,0.0,0.0,0.0,0.0,0.0,0.0,0.0,0.0,0.0,0.0,0.0,0.0,0.0,0.0,0.0,0.0,0.0,0.0,-0.17455331619061126,0.0,0.0,0.0,0.0,0.0,0.0,0.0,0.0,0.0,0.0,0.0,0.0,0.0,0.0,0.0,0.0,0.0,0.0,0.0,0.0,0.0,0.0,0.0,0.0,0.0,0.0,0.0,0.0,0.0,0.0,0.0,0.0,0.0,0.0,0.0,0.0,-0.3961485970682655,0.0,-0.18424010479271183,0.0,0.0
Switzerland,CHE,2025,0.0,0.0,0.0,0.0,0.0,0.0,0.0,0.0,-0.8598678180998289,-3.1202420633217107,0.0,0.0,0.0,0.0,0.0,0.0,0.0,-0.4808702893244253,-0.5401289471130787,0.0,0.0,0.0,-0.4576682742894791,0.0,-0.4531782891960748,0.0,-0.15532440252539673,0.0,0.0,0.0,0.0,0.0,0.0,0.0,0.0,0.0,0.0,0.0,-0.28716268942098716,0.0,0.0,0.0,0.0,0.0,0.0,0.0,0.0,0.0,0.0,0.0,0.0,0.0,0.0,0.0,0.0,0.0,0.0,0.0,0.0,0.0,0.0,0.0,0.0,0.0,0.0,0.0,0.0,-0.07089158846290229,0.0,0.0,0.0,0.0,0.0,0.0,0.0,0.0,0.0,0.0,0.0,0.0,0.0,0.0,0.0,0.0,0.0,-0.296182915010032,0.0
Italy,ITA,2023,-0.15665945375489077,0.0,0.0,0.0,0.0,-0.28590329461096814,0.0,-0.22467218409887124,-1.0180414711033898,-1.7162275265641633,0.0,0.0,-0.1250298035650387,0.0,0.0,0.0,0.0,0.0,-0.6742045941696314,0.0,0.0,0.0,0.0,0.0,0.0,0.0,0.0,0.0,0.0,0.0,0.0,-0.1310224343639577,0.0,0.0,0.0,0.0,0.0,0.0,0.0,0.0,0.0,0.0,0.0,0.0,0.0,0.0,0.0,0.0,0.0,0.0,-0.07434715885206446,0.0,0.0,0.0,0.0,0.0,0.0,0.0,0.0,0.0,0.0,0.0,0.0,0.0,0.0,0.0,0.0,0.0,0.0,0.0,0.0,0.0,0.0,0.0,0.0,0.0,0.0,0.0,0.0,0.0,0.0,0.0,0.0,0.0,0.0,-0.1292156510758374,0.0
Colombia,COL,2023,0.0,0.0,0.0,0.0,0.0,0.0,0.0,0.0,-0.8405463379889675,0.0,0.0,0.0,0.0,0.244513887394927,0.0,0.0,0.0,0.0,0.0,0.0,0.0,0.0,0.7494035147709269,0.0,0.3097067407369289,0.0,0.0,1.7823844014067431,0.0,-0.27972933983782866,0.0,0.0,0.0,0.1386547313813586,0.0,0.0,0.0,0.0,0.0,0.0,0.0,0.0,0.0,0.0,0.0,0.0,0.0,-0.19327045320638525,0.0,0.0,0.0,0.0,0.0,0.0,0.0,0.0,0.37191913502064294,0.0,0.0,0.0,0.0,0.0,0.0,0.0,0.0,0.0,0.0,0.0,0.0,0.0,0.0,0.0,0.0,0.0,0.0,0.0,0.0,0.0,0.0,0.0,0.0,0.0,0.0,0.0,0.0,0.0,0.0
Mongolia,MNG,2025,0.0,0.0,0.0,0.0,0.0,0.0,0.0,0.0,0.0,-2.1072168414156613,0.0,0.0,0.0,0.0,0.0,0.0,0.47243960172544114,0.0,0.582162972297898,0.0,0.0,0.0,1.0308496873428037,0.0,0.5434177542230039,0.0,0.0,0.0,0.0,0.0,-0.028930904198574966,0.0,0.0,0.0,0.0,0.0,0.0,0.0,0.0,0.0,0.0,0.0,0.0,0.0,0.0,0.0,0.0,0.0,0.0,0.0,0.0,0.0,0.0,0.0,-0.23012425764916783,0.0,0.0,0.0,0.0,0.0,0.0,0.0,1.1552104771625544,0.0,0.0,0.0,0.0,0.0,0.0,0.0,0.0,0.0,0.0,0.0,0.0,0.0,0.0,0.0,0.4825804085836656,0.0,0.0,0.0,0.0,0.0,0.0,0.0,0.2365158661034534
Canada,CAN,2025,0.0,0.0,0.0,0.0,0.0,-0.3934818853078091,-0.25677552907745005,0.0,-0.5452735299980851,-2.7208604703723807,0.0,0.0,-0.3892100106455458,-0.04813196842439016,0.0,0.0,0.0,0.0,-0.33585629416457213,0.0,0.0,0.0,0.0,0.0,0.0,0.0,0.0,0.0,0.0,0.0,0.0,0.0,0.0,0.0,0.0,0.0,0.0,0.0,0.0,0.0,0.0,0.0,0.0,0.0,0.0,0.0,0.0,0.0,0.0,1.6187893009290744e-06,0.0,0.0,0.0,0.0,0.0,0.0,0.0,0.0,0.0,0.0,0.0,0.0,0.0,0.0,0.0,0.0,0.0,0.0,0.0,0.0,0.0,0.0,0.0,-0.2742762519933537,0.0,0.0,0.0,0.0,0.0,0.0,0.0,0.0,0.0,0.0,0.0,-0.16332145265520084,0.0
Qatar,QAT,2024,0.0,0.0,0.0,0.0,0.0,0.0,-0.3440084451499258,0.0,-0.5890652745694479,-2.7542181328138606,0.0,0.0,0.0,0.0,0.0,0.0,0.0,-0.024750902502577592,0.0,0.0,0.0,0.0,-0.4875956092111396,0.0,0.0,0.0,-0.07510926889059275,0.0,0.0,0.0,0.0,0.0,0.0,0.0,0.0,0.0,0.0,0.0,0.0,0.0,0.0,0.0,0.0,0.0,0.0,0.0,0.0,0.0,0.0,0.0,0.0,0.0,0.0,0.0,0.0,0.0,0.0,0.0,0.0,0.0,0.0,0.0,0.0,0.20930402049314525,0.0,0.0,0.0,-0.2219132882431709,0.0,0.0,-0.14462950133820635,0.0,0.0,0.0,0.0,0.0,0.0,0.0,0.0,0.0,0.0,0.0,0.0,0.2530509221079784,0.0,0.0,0.0
Guinea-Bissau,GNB,2024,0.0,0.0,0.0,0.0,0.0,0.0,-0.3668289177307798,0.0,0.0,-2.6333128383687368,0.0,0.0,0.0,-0.1976173161151692,0.0,0.0,0.0,0.29756881511814287,0.0,0.0,0.0,0.0,0.41766487616601955,0.0,0.0,0.0,0.0,0.0,0.0,0.0,0.0,0.0,0.0,0.0,0.0,0.0,0.0,0.0,0.0,0.0,-0.16428501559744624,0.0,0.0,0.0,0.0,0.0,0.0,0.0,0.0,0.0,0.0,-0.226120792767337,0.0,0.0,0.0,0.0,0.0,0.0,0.0,0.0,0.0,0.0,0.0,0.0,0.0,0.0,0.0,-0.12832354289709752,0.0,0.0,0.0,0.0,0.0,0.0,0.0,0.0,0.0,0.0,-0.41947238931740877,0.0,0.0,0.0,0.0,0.5825709458964103,0.0,0.0,0.0
Australia,AUS,2024,0.0,0.0,0.0,-0.10861769452608765,0.0,-0.09631492127994477,0.0,0.0,-0.34019118940767606,-2.3265148894959413,0.0,0.0,0.0,0.0,0.0,0.0,0.0,0.0,-0.11075157009613161,0.0,0.0,0.0,-0.28529114952203544,0.0,0.0,0.0,0.0,0.0,0.0,0.0,0.0,0.0,-0.2995392506238474,0.0,0.0,0.0,0.0,0.0,0.0,0.0,0.0,0.0,0.0,0.0,0.0,0.0,0.0,0.0,-0.24602856619452856,-0.2015227476412454,0.0,0.0,0.0,0.0,0.0,0.0,0.0,0.0,0.0,0.0,0.0,0.0,0.0,0.0,-0.01924887425516353,0.0,0.0,0.0,0.0,0.0,0.0,0.0,0.0,0.0,0.0,0.0,0.0,0.0,0.0,0.0,0.0,0.0,0.0,0.0,0.0,0.0,0.0
Kuwait,KWT,2024,0.0,0.0,0.0,0.0,0.0,-0.3715710722454154,0.0,0.0,-0.5956897441229606,-2.536074528889048,0.0,0.0,0.0,0.0,0.0,0.0,0.0,0.0,0.0,0.0,0.0,0.0,-0.5732716666207716,0.0,0.0,0.0,0.0,0.0,0.0,0.0,0.0,0.0,0.0,0.0,0.0,0.0,0.0,0.0,0.0,0.0,0.0,0.0,0.0,0.0,0.0,0.0,0.0,0.0,0.0,0.0,0.0,0.0,0.0,-0.1259965826050544,-0.05797633542842114,0.0,-0.06471572890642185,0.0,0.0,0.0,-0.15339342717411877,0.0,0.0,0.0,0.0,0.0,-0.12020179356152946,0.0,0.0,0.0,0.0,0.0,0.0,0.0,-0.05137095172982775,0.0,0.0,0.0,0.0,0.0,0.0,0.0,0.0,0.0,0.0,0.0,0.0
St. Vincent and the Grenadines,VCT,2023,0.0,0.0,0.0,0.0,0.0,-0.5391371879408519,0.0,0.0,-0.7815629070688044,-2.0584844666754574,0.0,0.0,0.0,0.0,0.0,0.0,0.0,0.0,0.0,0.0,0.0,0.0,0.0,0.0,-0.4936344279781278,0.0,0.0,0.0,0.0,0.0,0.0,0.0,0.0,0.0,0.0,0.0,0.0,0.0,0.0,0.0,0.0,0.0,0.0,0.0,0.0,-0.25126338744766485,0.0,0.0,0.0,0.0,0.0,0.0,0.0,0.0,0.0,0.0,0.0,-0.17450071134287976,-0.11454607967613799,0.0,0.0,0.0,0.0,0.0,0.0,0.0,0.0,0.0,0.0,0.0,0.0,0.0,0.0,0.0,-0.041789948671771916,0.0,0.0,0.0,0.0,0.0,0.0,0.0,0.0,0.0,0.0,-0.23651445113907751,-0.25921540743153987
West Bank and Gaza,PSE,2024,0.0,0.0,-0.13429429217514804,0.0,0.0,-0.38376275171139085,0.0,0.0,-0.9504773574820279,-2.1144310391769046,0.0,0.0,0.0,0.0,0.0,0.0,0.0,0.0,0.0,0.0,0.0,0.0,-0.5881153607958292,0.0,0.0,0.0,0.0,-0.1350615110132382,0.0,0.0,0.0,0.0,0.0,0.0,-0.12711576500657773,0.0,0.0,0.0,0.0,0.0,0.0,0.0,0.0,0.0,0.0,0.0,0.0,0.0,0.0,0.0,0.0,0.0,0.0,0.0,0.0,0.0,0.0,0.0,0.0,0.0,0.0,0.0,0.0,0.0,0.0,0.0,-0.2294061742956919,0.0,0.0,0.0,0.0,0.0,0.0,0.0,0.0,0.0,-0.08599922477856392,0.0,0.0,0.0,0.0,0.0,-0.11051358846025776,0.0,0.0,0.0,0.0
Latvia,LVA,2023,0.0,0.0,0.0,0.0,0.0,0.0,0.0,0.0,-0.5310384236213583,1.015102424048576,0.0,0.0,0.0,0.0,0.0,-0.21564700093172673,0.0,0.0,0.25643400731644084,0.0,0.2704830206284473,0.0,0.8420394457553737,0.0,0.0,0.0,0.0,0.0,0.0,0.0,0.0,0.0,0.0,0.0,0.0,0.0,0.0,0.0,0.0,0.0,-0.4074471942327284,0.0,0.0,0.0,0.0,0.0,0.0,0.0,0.0,0.0,0.0,0.0,0.0,0.0,0.0,0.0,0.0,0.0,0.0,0.003704252418868961,0.0,0.0,0.0,-0.4970414647221677,0.0,0.0,0.0,0.0,0.0,0.0,0.0,0.0,0.0,0.0,0.0,0.0,-0.40026814190081395,0.0,0.0,0.0,0.0,0.0,0.0,0.0,0.0,0.0,0.0
Grenada,GRD,2024,0.0,0.0,0.0,0.0,0.0,-0.5073106576591099,-0.39644699429142166,0.0,-0.4362185813218192,-2.9788545544586893,0.0,0.0,0.0,0.0,0.0,0.0,0.0,0.0,-0.3540497507114339,0.0,0.0,0.0,0.46051461351079404,0.0,0.0,-0.16928923819835354,0.0,0.0,0.0,0.0,0.0,0.0,0.0,0.0,0.0,0.0,0.0,0.0,0.0,0.0,0.0,0.0,0.0,0.0,0.0,0.0,0.0,0.0,0.0,0.0,0.0,0.0,0.0,0.0,0.0,0.0,0.0,0.0,0.0,0.0,0.0,0.0,0.0,0.0,0.0,0.0,0.0,0.0,0.0,0.0,0.0,0.0,-0.12466760949290187,0.0,0.0,-0.16848575573370622,0.0,0.0,0.0,0.0,0.0,0.0,0.0,0.0,-0.15933172471037407,0.0,0.0
